CD,ProTerr,Pop,Mort1516,Mort1617,Mort1718,Mort1819,Mort Avg,Net Inter Mig 1516,Net Intra Mig 1516,Net Mig 1516,Net Inter Mig 1617,Net Intra Mig 1617,Net Mig 1617,Net Inter Mig 1718,Net Intra Mig 1718,Net Mig 1718,Net Inter Mig 1819,Net Intra Mig 1819,Net Mig 1819,Net Mig Avg,Net Mig Avg Mil,Mig,Mort Avg Mil,Mort,Post Sec Rate,Post Sec,Avg Income,Un rate,Un,VM rate,VM,Ind rate,Ind,POC rate,POC,MedAge
Division No. 1 (Census division) [Newfoundland and Labrador],Newfoundland and Labrador,"270,348","2,309","2,360","2,460","2,619","2,437.00",-279,987,708,"-1,264",978,-286,"-1,834",788,"-1,046","-1,682",733,-949,-393.25,-1454.606655,2,9014.307485,3,57.5,4,49853,10.5,3,3.4,1,2.9,1,6.3,2,43
Division No. 2 (Census division) [Newfoundland and Labrador],Newfoundland and Labrador,"20,372",227,250,217,209,225.75,36,-108,-72,-19,-157,-176,-86,-170,-256,-80,-148,-228,-183,-8982.91773,1,11081.38622,4,48.1,3,41918,23.1,5,0.7,1,1.6,1,2.3,1,50.7
Division No. 3 (Census division) [Newfoundland and Labrador],Newfoundland and Labrador,"15,560",195,197,150,170,178,18,-199,-181,-23,-134,-157,-63,-90,-153,-28,-132,-160,-162.75,-10459.51157,1,11439.58869,4,35.7,2,35219,27.9,5,0.5,1,11.5,3,12,3,51.6
Division No. 4 (Census division) [Newfoundland and Labrador],Newfoundland and Labrador,"20,387",235,237,270,256,249.5,46,-83,-37,9,-63,-54,-133,-59,-192,-94,-29,-123,-101.5,-4978.662873,2,12238.191,4,46.1,3,34626,23.7,5,0.6,1,39.7,4,40.3,5,51.2
Division No. 5 (Census division) [Newfoundland and Labrador],Newfoundland and Labrador,"42,014",419,451,438,439,436.75,-1,157,156,-137,70,-67,-267,112,-155,-237,96,-141,-51.75,-1231.73228,2,10395.34441,4,52,4,40805,16.5,4,1.1,1,23.2,4,24.3,4,23.2
Division No. 6 (Census division) [Newfoundland and Labrador],Newfoundland and Labrador,"38,345",437,470,439,425,442.75,152,85,237,-86,108,22,-130,31,-99,-194,-13,-207,-11.75,-306.4284783,3,11546.48585,4,50.2,4,41283,15.7,4,1.4,1,6.3,2,7.7,2,47.5
Division No. 7 (Census division) [Newfoundland and Labrador],Newfoundland and Labrador,"34,092",412,445,395,386,409.5,158,-127,31,44,-134,-90,-86,-69,-155,-75,-105,-180,-98.5,-2889.240878,2,12011.61563,4,43,3,37629,22.7,5,0.7,1,2.4,1,3.1,1,51.1
Division No. 8 (Census division) [Newfoundland and Labrador],Newfoundland and Labrador,"35,794",426,407,400,417,412.5,168,-281,-113,132,-314,-182,50,-235,-185,74,-142,-68,-137,-3827.457116,2,11524.27781,4,35.8,2,35403,30.1,5,0.5,1,3.8,1,4.3,1,52.6
Division No. 9 (Census division) [Newfoundland and Labrador],Newfoundland and Labrador,"15,607",195,175,194,204,192,85,-159,-74,85,-182,-97,49,-106,-57,-51,-127,-178,-101.5,-6503.492023,1,12302.1721,4,35.9,2,37386,37.2,5,1.2,1,13.1,3,14.3,3,52.6
Division No. 10 (Census division) [Newfoundland and Labrador],Newfoundland and Labrador,"24,639",144,141,144,139,142,-143,-243,-386,-177,-185,-362,-225,-191,-416,-232,-114,-346,-377.5,-15321.23869,1,5763.22091,2,53.5,4,58371,13.7,3,3.2,1,38.6,4,41.8,5,37.8
Division No. 11 (Census division) [Newfoundland and Labrador],Newfoundland and Labrador,"2,558",17,16,21,27,20.25,-8,-29,-37,6,13,19,-8,-11,-19,2,-19,-17,-13.5,-5277.560594,1,7916.340891,3,35.3,2,36380,29.9,5,0,1,91.8,5,91.8,5,33.6
Kings (County) [Prince Edward Island],Prince Edward Island,"17,160",148,157,179,173,164.25,71,-172,-101,157,-48,109,113,-82,31,98,-12,86,31.25,1821.095571,4,9571.678322,3,47.8,3,35947,15.7,4,1.2,1,2.1,1,3.3,1,48
Prince (County) ,Prince Edward Island,"43,730",374,412,474,467,431.75,37,-86,-49,321,-107,214,280,-10,270,403,-56,347,195.5,4470.615138,4,9873.084839,3,44.3,3,36163,14.7,3,1.9,1,2,1,3.9,1,46.4
Queens (County) [Prince Edward Island],Prince Edward Island,"82,017",592,703,715,749,689.75,-78,258,180,-34,155,121,-216,92,-124,161,68,229,101.5,1237.548313,4,8409.841862,3,59.9,4,41019,10.3,3,7,2,1.9,1,8.9,2,42.8
Annapolis (County),Nova Scotia,"20,591",258,246,303,317,281,89,112,201,231,125,356,239,63,302,319,-20,299,289.5,14059.54058,5,13646.73887,5,50.8,4,32581,13.1,3,1.7,1,5.3,2,7,2,52.7
Antigonish (County),Nova Scotia,"19,301",167,190,183,187,181.75,-11,-43,-54,-5,-22,-27,57,-42,15,87,-14,73,1.75,90.66887726,3,9416.610538,3,60.5,5,42393,11.6,3,4.5,1,8.7,2,13.2,3,45.2
Cape Breton (County),Nova Scotia,"98,722","1,305","1,323","1,297","1,311","1,309.00",-121,-337,-458,-179,-399,-578,-84,-268,-352,17,-394,-377,-441.25,-4469.621766,2,13259.45585,5,50,4,36566,17.6,4,2.5,1,7.9,2,10.4,3,48.9
Colchester (County),Nova Scotia,"50,585",516,591,599,604,577.5,48,115,163,2,-110,-108,91,65,156,104,101,205,104,2055.945438,4,11416.42779,4,50.8,4,37612,9.4,2,3.4,1,5.2,2,8.6,2,46.6
Cumberland (County),Nova Scotia,"30,005",396,412,448,472,432,5,-64,-59,106,13,119,82,-5,77,117,-20,97,58.5,1949.675054,4,14397.6004,5,47.1,3,36947,11.4,3,2.7,1,3.1,1,5.8,2,51.1
Digby (County),Nova Scotia,"17,323",221,208,227,249,226.25,68,-18,50,127,-80,47,86,-144,-58,76,-13,63,25.5,1472.031403,4,13060.67078,5,46.4,3,34000,15,4,2.9,1,11.8,3,14.7,3,52.1
Guysborough (County),Nova Scotia,"7,625",91,115,122,114,110.5,54,-94,-40,25,-62,-37,22,-80,-58,65,-45,20,-28.75,-3770.491803,2,14491.80328,5,42.6,3,35985,18.3,4,3.5,1,6.1,2,9.6,2,55.5
Halifax (County) ,Nova Scotia,"403,390","3,010","3,075","3,233","3,271","3,147.25",104,"1,345","1,449","1,532",993,"2,525","1,456","1,023","2,479","1,602","1,034","2,636","2,272.25",5632.886289,5,7802.003024,3,60,5,46429,7.3,2,11.4,3,4,1,15.4,3,41
Hants (County) ,Nova Scotia,"42,558",357,446,409,422,408.5,-16,-205,-221,105,-29,76,101,8,109,169,-189,-20,-14,-328.9628272,3,9598.665351,3,51.8,4,40293,8.7,2,2.5,1,6.1,2,8.6,2,44.8
Inverness (County),Nova Scotia,"17,235",204,203,232,232,217.75,78,-103,-25,74,-102,-28,17,-52,-35,56,-28,28,-15,-870.3220191,3,12634.17464,5,56.5,4,38191,17.6,4,1.3,1,9.4,2,10.7,3,50.6
Kings (County) [Nova Scotia],Nova Scotia,"60,600",589,584,585,632,597.5,-18,-106,-124,253,-91,162,265,-176,89,202,-84,118,61.25,1010.726073,4,9859.735974,3,53.3,4,37978,9.3,2,3.2,1,4.4,1,7.6,2,46.5
Lunenburg (County) ,Nova Scotia,"47,126",529,552,582,620,570.75,117,-6,111,154,104,258,262,-20,242,308,-23,285,224,4753.214786,4,12111.14884,4,52.4,4,38336,9.1,2,1.4,1,3.5,1,4.9,1,52
Pictou (County),Nova Scotia,"43,748",542,542,559,538,545.25,33,-207,-174,38,-70,-32,115,-119,-4,222,-86,136,-18.5,-422.8764744,3,12463.4269,4,52.9,4,40199,12.5,3,2.8,1,3.8,1,6.6,2,48.4
Queens (County) [Nova Scotia],Nova Scotia,"10,351",146,165,143,138,148,41,-48,-7,81,-85,-4,72,-73,-1,92,-30,62,12.5,1207.612791,4,14298.13545,5,46.5,3,34728,13.3,3,2,1,8.7,2,10.7,3,53.1
Richmond (County) ,Nova Scotia,"8,964",103,114,114,137,117,38,-87,-49,54,-28,26,41,-27,14,18,-4,14,1.25,139.4466756,3,13052.20884,5,51.5,4,35687,16.4,4,1.1,1,20.1,4,21.2,4,52.7
Shelburne (County),Nova Scotia,"13,966",190,181,201,187,189.75,111,-53,58,93,-99,-6,68,-105,-37,54,-70,-16,-0.25,-17.90061578,3,13586.56738,5,39.6,2,39323,11.3,3,2.2,1,10.4,3,12.6,3,50.4
Victoria (County),Nova Scotia,"7,089",82,97,111,94,96,-11,-59,-70,24,-17,7,47,-34,13,20,-53,-33,-20.75,-2927.070109,2,13542.10749,5,49.3,3,38023,26.7,5,0.9,1,10.5,3,11.4,3,51.7
Yarmouth (County) ,Nova Scotia,"24,419",245,307,311,310,293.25,145,-142,3,124,-41,83,111,-14,97,104,-62,42,56.25,2303.534133,4,12009.09128,4,49.3,3,36481,9.1,2,3.3,1,19.2,3,22.5,4,48.9
Albert (County),New Brunswick,"29,158",237,285,245,285,263,-31,86,55,7,21,28,102,-60,42,157,62,219,86,2949.447836,4,9019.823033,3,52.9,4,40791,9.8,2,2.2,1,1.9,1,4.1,1,45
Carleton (County),New Brunswick,"26,220",276,331,274,303,296,-54,-94,-148,-3,-168,-171,-39,-146,-185,30,-133,-103,-151.75,-5787.566743,1,11289.0923,4,45.6,3,35952,9.1,2,2,1,3.6,1,5.6,2,45.1
Charlotte (County),New Brunswick,"25,428",297,281,305,319,300.5,101,-176,-75,72,-70,2,96,-104,-8,151,-139,12,-17.25,-678.3860311,3,11817.6813,4,47.4,3,37408,14.1,3,2.1,1,2.1,1,4.2,1,47.9
Gloucester (County),New Brunswick,"78,444",767,821,863,833,821,78,-358,-280,54,-142,-88,58,-258,-200,108,-75,33,-133.75,-1705.037989,2,10466.06496,4,43.6,3,35461,15.3,4,1,1,4,1,5,2,51.1
Kent (County),New Brunswick,"30,475",251,301,326,323,300.25,55,-107,-52,84,-82,2,120,-44,76,213,97,310,84,2756.35767,4,9852.337982,3,41.5,3,33246,17.3,4,1,1,13.2,3,14.2,3,50.5
Kings (County) [New Brunswick],New Brunswick,"68,941",519,560,563,582,556,-159,-198,-357,-140,-116,-256,32,-133,-101,124,-16,108,-151.5,-2197.531222,2,8064.86706,3,54.8,4,47041,9,2,2.1,1,1.3,1,3.4,1,44.1
Madawaska (County),New Brunswick,"32,741",373,316,381,408,369.5,-37,-100,-137,37,-59,-22,-2,-17,-19,47,-68,-21,-49.75,-1519.501542,2,11285.54412,4,44.4,3,36060,9.2,2,1.5,1,3.3,1,4.8,1,50.1
Northumberland (County),New Brunswick,"44,952",530,504,543,492,517.25,33,-156,-123,119,-185,-66,134,-155,-21,138,-98,40,-42.5,-945.4529276,3,11506.71828,4,43.1,3,35816,19.1,4,0.9,1,8.2,2,9.1,2,49.1
Queens (County) [New Brunswick],New Brunswick,"10,472",158,158,139,166,155.25,-6,-59,-65,69,-43,26,-9,-40,-49,-7,-48,-55,-35.75,-3413.865546,2,14825.24828,5,40.8,3,34510,15,4,1.5,1,1.9,1,3.4,1,54.4
Restigouche (County),New Brunswick,"30,955",362,395,407,417,395.25,7,-145,-138,103,-178,-75,16,-115,-99,82,-127,-45,-89.25,-2883.217574,2,12768.53497,5,45.6,3,34457,15.6,4,1.3,1,7.1,2,8.4,2,51.7
Saint John (County),New Brunswick,"74,020",805,899,887,957,887,-284,-28,-312,-64,186,122,-27,125,98,-7,-10,-17,-27.25,-368.1437449,3,11983.24777,4,47,3,37901,10,3,6.4,2,2.2,1,8.6,2,44.1
Sunbury (County),New Brunswick,"27,644",148,184,189,199,180,-31,-82,-113,140,-66,74,57,3,60,129,-146,-17,1,36.17421502,3,6511.358704,2,45.3,3,40960,8.3,2,2.3,1,5.4,2,7.7,2,37.2
Victoria (County),New Brunswick,"18,617",197,228,260,213,224.5,26,-94,-68,-7,-143,-150,39,-141,-102,82,-68,14,-76.5,-4109.147553,2,12058.87092,4,40.6,3,33538,14.6,3,0.6,1,8.7,2,9.3,2,48.7
Westmorland (County),New Brunswick,"149,623","1,268","1,297","1,349","1,379","1,323.25",-266,758,492,137,556,693,160,590,750,609,425,"1,034",742.25,4960.801481,4,8843.894321,3,53.9,4,40836,8.7,2,4.9,1,2.5,1,7.4,2,43.1
York (County),New Brunswick,"99,411",766,834,884,875,839.75,-545,753,208,-174,489,315,-256,495,239,-187,344,157,229.75,2311.112452,4,8447.254328,3,58.2,4,43084,9.2,2,6.6,2,4.4,1,11,3,41.6
Abitibi (Municipalité régionale de comté),Québec,"24,639",194,197,256,193,210,6,-169,-163,-1,82,81,-5,-101,-106,-11,-155,-166,-88.5,-3591.866553,2,8523.073177,3,52.6,4,42815,8.5,2,0.8,1,4.6,1,5.4,2,43
Abitibi-Ouest (Municipalité régionale de comté),Québec,"20,538",202,212,196,175,196.25,-13,-55,-68,-3,-55,-58,-4,39,35,-8,-71,-79,-42.5,-2069.334891,2,9555.458175,3,48.8,3,39749,7.3,2,0.3,1,2.4,1,2.7,1,46.4
Acton (Municipalité régionale de comté),Québec,"15,594",122,127,137,147,133.25,-5,-93,-98,3,-90,-87,2,31,33,0,36,36,-29,-1859.689624,2,8544.953187,3,42.6,3,32639,6,2,0.5,1,1.7,1,2.2,1,45.3
Antoine-Labelle (Municipalité régionale de comté),Québec,"35,243",391,416,418,397,405.5,2,232,234,0,199,199,-3,169,166,23,95,118,179.25,5086.116392,5,11505.83095,4,49.2,3,33037,11.2,3,0.6,1,6.4,2,7,2,53
Argenteuil (Municipalité régionale de comté),Québec,"32,389",328,318,353,386,346.25,-48,77,29,-32,264,232,-31,391,360,-32,404,372,248.25,7664.639229,5,10690.35784,4,45.8,3,35721,7.8,2,1.3,1,1.7,1,3,1,49.6
Arthabaska (Municipalité régionale de comté),Québec,"72,014",644,667,675,706,673,-11,280,269,-13,357,344,-19,368,349,25,211,236,299.5,4158.913545,4,9345.40506,3,53.5,4,36768,5.6,2,1.9,1,0.9,1,2.8,1,45
Avignon (Municipalité régionale de comté),Québec,"14,461",175,196,172,186,182.25,-30,0,-30,-29,-12,-41,-17,67,50,-14,70,56,8.75,605.0757209,3,12602.86287,5,54.7,4,34289,18,4,1,1,17,3,18,3,49.9
Beauce-Sartigan (Municipalité régionale de comté),Québec,"52,406",437,391,403,445,419,-6,28,22,-15,89,74,-16,91,75,14,37,51,55.5,1059.039041,4,7995.267717,3,52.1,4,40108,4.8,1,1,1,1.2,1,2.2,1,43.5
Beauharnois-Salaberry (Municipalité régionale de comté),Québec,"64,320",659,664,758,718,699.75,-33,491,458,8,596,604,-21,735,714,-4,855,851,656.75,10210.66542,5,10879.19776,4,49.4,3,37228,7.6,2,1.5,1,1.3,1,2.8,1,46.5
Bécancour (Municipalité régionale de comté),Québec,"20,404",168,187,174,171,175,-11,88,77,3,-43,-40,-6,24,18,-8,206,198,63.25,3099.882376,4,8576.749657,3,56.8,4,38802,5.9,2,0.8,1,1.8,1,2.6,1,47.3
Bellechasse (Municipalité régionale de comté),Québec,"37,233",318,318,331,311,319.5,-20,53,33,-15,33,18,-15,-284,-299,-2,-96,-98,-86.5,-2323.207907,2,8581.097414,3,55.5,4,38639,4,1,1.3,1,0.9,1,2.2,1,44.7
Bonaventure (Municipalité régionale de comté),Québec,"17,660",188,191,164,152,173.75,-3,-51,-54,5,-24,-19,-1,13,12,13,-17,-4,-16.25,-920.1585504,3,9838.618347,3,52.8,4,34238,16.5,4,0.5,1,9.4,2,9.9,2,52.3
Brome-Missisquoi (Municipalité régionale de comté),Québec,"58,314",491,481,613,568,538.25,-43,598,555,-22,849,827,-38,956,918,-19,"1,100","1,081",845.25,14494.80399,5,9230.20201,3,53,4,41587,5.6,2,1.3,1,1.6,1,2.9,1,48.4
Charlevoix (Municipalité régionale de comté),Québec,"12,997",152,158,172,156,159.5,9,14,23,-1,-2,-3,-10,42,32,6,72,78,32.5,2500.577056,4,12272.06278,4,55.5,4,37163,9.7,2,0.8,1,1.2,1,2,1,52.8
Charlevoix-Est (Municipalité régionale de comté),Québec,"15,509",173,154,159,152,159.5,-7,-137,-144,-11,-132,-143,-3,-52,-55,0,-42,-42,-96,-6189.95422,1,10284.35102,4,49,3,35968,11.8,3,0.6,1,3.3,1,3.9,1,51.7
Coaticook (Municipalité régionale de comté),Québec,"18,497",124,156,169,145,148.5,-15,12,-3,-5,-99,-104,2,-16,-14,20,21,41,-20,-1081.25642,2,8028.328918,3,49.3,3,35082,4.4,1,0.8,1,1.9,1,2.7,1,44.3
D'Autray (Municipalité régionale de comté),Québec,"42,189",343,342,395,362,360.5,-20,81,61,-1,231,230,-11,213,202,-10,158,148,160.25,3798.383465,4,8544.881367,3,48.1,3,35775,7.7,2,1.3,1,1.4,1,2.7,1,47
Deux-Montagnes (Municipalité régionale de comté),Québec,"98,203",680,666,673,696,678.75,-121,303,182,-67,546,479,-45,455,410,-70,552,482,388.25,3953.545207,4,6911.703308,2,55.6,4,42680,6.5,2,6.1,2,1.6,1,7.7,2,41.1
Drummond (Municipalité régionale de comté),Québec,"103,397",771,807,899,861,834.5,-70,520,450,-8,763,755,36,505,541,33,244,277,505.75,4891.341141,4,8070.833777,3,53.1,4,38157,6.8,2,2.4,1,1.1,1,3.5,1,42.8
Francheville (Census division),Québec,"153,030","1,539","1,526","1,589","1,679","1,583.25",-80,625,545,-68,898,830,24,571,595,45,689,734,676,4417.43449,4,10346.01059,4,59.9,4,38816,7.5,2,3.2,1,1.4,1,4.6,1,47.1
Gatineau (Territoire équivalent),Québec,"276,245","1,790","1,911","2,023","2,104","1,957.00",-584,627,43,-813,237,-576,-301,623,322,-29,238,209,-0.5,-1.809987511,3,7084.291118,2,58.1,4,45990,6.8,2,13.5,3,3.8,1,17.3,3,39.2
Joliette (Municipalité régionale de comté),Québec,"66,550",730,711,757,766,741,-53,288,235,-14,687,673,-20,643,623,-15,999,984,628.75,9447.783621,5,11134.48535,4,53,4,37846,7.1,2,2.3,1,1.6,1,3.9,1,46.4
Kamouraska (Municipalité régionale de comté),Québec,"21,073",228,210,232,210,220,-11,-92,-103,16,-16,0,-10,-65,-75,-15,-77,-92,-67.5,-3203.150951,2,10439.8994,4,55.5,4,35001,6.9,2,0.6,1,1,1,1.6,1,50.2
La Côte-de-Beaupré (Municipalité régionale de comté),Québec,"28,199",227,240,255,256,244.5,-33,264,231,-24,273,249,-14,210,196,16,260,276,238,8440.015603,5,8670.520231,3,62.7,5,47323,4.7,1,1.2,1,0.8,1,2,1,45
La Côte-de-Gaspé (Municipalité régionale de comté),Québec,"17,117",179,183,179,197,184.5,-30,-102,-132,3,92,95,-10,105,95,10,22,32,22.5,1314.482678,4,10778.75796,4,53.6,4,37632,12.4,3,1,1,11.6,3,12.6,3,51.1
La Haute-Côte-Nord (Municipalité régionale de comté),Québec,"10,846",101,113,113,109,109,-3,-88,-91,-8,-129,-137,-2,-120,-122,0,-30,-30,-95,-8758.989489,1,10049.78794,4,49.2,3,35072,17.6,4,0.4,1,20.6,4,21,4,51.6
La Haute-Gaspésie (Municipalité régionale de comté),Québec,"11,316",151,147,147,152,149.25,0,-94,-94,-13,-20,-33,-6,-20,-26,2,-98,-96,-62.25,-5501.060445,1,13189.2895,5,45.7,3,30658,20.5,5,0.5,1,3.2,1,3.7,1,53.8
La Haute-Yamaska (Municipalité régionale de comté),Québec,"88,306",719,716,774,786,748.75,-40,479,439,-15,540,525,-39,746,707,25,849,874,636.25,7205.059679,5,8479.038797,3,49.6,3,38530,6.1,2,3.6,1,1.1,1,4.7,1,45
La Jacques-Cartier (Municipalité régionale de comté),Québec,"43,485",91,111,114,124,110,-139,448,309,-141,388,247,-18,356,338,-24,181,157,262.75,6042.313441,5,2529.607911,1,66.4,5,52365,3.6,1,1.1,1,1.7,1,2.8,1,36
La Matapédia (Municipalité régionale de comté),Québec,"17,925",218,166,196,184,191,-13,-65,-78,3,-161,-158,9,-107,-98,1,8,9,-81.25,-4532.775453,2,10655.50907,4,51.3,4,32370,13.6,3,0.3,1,3.4,1,3.7,1,50.6
La Mitis (Municipalité régionale de comté),Québec,"18,210",189,201,227,202,204.75,-2,13,11,-13,-71,-84,8,-81,-73,8,-10,-2,-37,-2031.850632,2,11243.82208,4,49.3,3,33579,10,3,0.5,1,2.8,1,3.3,1,49.5
La Nouvelle-Beauce (Municipalité régionale de comté),Québec,"36,785",218,238,255,229,235,-9,-16,-25,2,173,175,-16,86,70,11,-163,-152,17,462.144896,3,6388.473563,2,58.1,4,40662,3.5,1,1.3,1,1.1,1,2.4,1,40
La Rivière-du-Nord (Municipalité régionale de comté),Québec,"128,170","1,019",972,"1,030","1,096","1,029.25",-106,"2,381","2,275",-45,"1,939","1,894",14,"1,912","1,926",-33,"1,845","1,812","1,976.75",15422.87587,5,8030.350316,3,53.9,4,39216,6.8,2,2.6,1,1.5,1,4.1,1,42.2
La Tuque (Territoire équivalent),Québec,"15,059",132,137,148,165,145.5,0,-165,-165,3,-57,-54,1,-22,-21,0,-36,-36,-69,-4581.977555,2,9661.996148,3,45.6,3,35163,11.1,3,0.8,1,30.2,4,31,4,44.6
La Vallée-de-la-Gatineau (Municipalité régionale de comté),Québec,"20,182",242,225,233,249,237.25,-24,-30,-54,-18,9,-9,38,45,83,-4,85,81,25.25,1251.114855,4,11755.52473,4,45.5,3,32545,12.5,3,0.7,1,23.3,4,24,4,51.7
La Vallée-de-l'Or (Municipalité régionale de comté),Québec,"43,226",368,356,416,389,382.25,-25,-103,-128,0,-255,-255,19,-112,-93,-1,-93,-94,-142.5,-3296.62703,2,8843.057419,3,49.8,3,45339,7.2,2,1.9,1,8.5,2,10.4,3,42.2
La Vallée-du-Richelieu (Municipalité régionale de comté),Québec,"124,420",704,740,779,722,736.25,-16,530,514,-49,"1,177","1,128",26,"1,026","1,052",-7,"1,515","1,508","1,050.50",8443.176338,5,5917.457,2,64.5,5,51798,4.3,1,3.2,1,1,1,4.2,1,40.7
Lac-Saint-Jean-Est (Municipalité régionale de comté),Québec,"52,741",395,439,466,464,441,-7,-149,-156,7,-93,-86,-8,-136,-144,-2,55,53,-83.25,-1578.468364,2,8361.6162,3,59.9,4,39097,9.6,2,0.8,1,3.7,1,4.5,1,46.6
L'Assomption (Municipalité régionale de comté),Québec,"124,759",805,845,898,853,850.25,-17,124,107,-85,116,31,-43,223,180,17,499,516,208.5,1671.222116,4,6815.139589,2,56.6,4,44179,5.7,2,9,2,1.1,1,10.1,3,42.5
Laval (Territoire équivalent),Québec,"422,993","2,935","3,125","3,155","3,223","3,109.50",-573,-151,-724,-336,321,-15,-407,301,-106,-245,671,426,-104.75,-247.6400319,3,7351.185481,2,58.4,4,42879,7,2,26.1,4,0.6,1,26.7,4,41.9
Le Domaine-du-Roy (Municipalité régionale de comté),Québec,"31,285",266,258,302,284,277.5,-2,-73,-75,2,-166,-164,-4,-174,-178,-10,-18,-28,-111.25,-3556.017261,2,8870.065527,3,56.1,4,36918,10.9,3,0.6,1,12.8,3,13.4,3,48.2
Le Granit (Municipalité régionale de comté),Québec,"21,462",206,187,201,181,193.75,-3,63,60,8,-18,-10,-9,-20,-29,2,-22,-20,0.25,11.64849501,3,9027.583636,3,46,3,34205,4.9,1,0.7,1,1.8,1,2.5,1,50
Le Haut-Richelieu (Municipalité régionale de comté),Québec,"117,443",897,"1,031","1,001",949,969.5,-18,427,409,-59,663,604,-29,469,440,62,966,"1,028",620.25,5281.28539,5,8255.068416,3,53.7,4,40538,5.7,2,2.1,1,1.3,1,3.4,1,43.1
Le Haut-Saint-FranÃ§ois (Municipalité régionale de comté),Québec,"22,335",166,177,167,168,169.5,-13,-83,-96,14,25,39,-2,10,8,0,71,71,5.5,246.2502798,3,7588.985897,3,49.6,3,33885,6.8,2,0.9,1,1.9,1,2.8,1,46.4
Le Haut-Saint-Laurent (Municipalité régionale de comté),Québec,"22,454",213,202,235,252,225.5,-15,107,92,-42,161,119,-37,99,62,-42,164,122,98.75,4397.88011,4,10042.75407,4,46,3,34242,7.3,2,1.2,1,6.7,2,7.9,2,48.4
Le Rocher-Percé (Municipalité régionale de comté),Québec,"17,282",225,225,209,235,223.5,3,62,65,16,46,62,25,-18,7,15,42,57,47.75,2762.990395,4,12932.53096,5,40.9,3,32724,14.9,3,0.6,1,13,3,13.6,3,53.9
Le Saguenay-et-son-Fjord (Census division),Québec,"167,549","1,397","1,435","1,543","1,566","1,485.25",-114,-662,-776,-22,-301,-323,-49,-264,-313,-42,29,-13,-356.25,-2126.243666,2,8864.570961,3,62.7,5,40713,8.6,2,1.2,1,4.3,1,5.5,2,46
Le Val-Saint-François (Municipalité régionale de comté),Québec,"30,686",232,245,270,261,252,-8,194,186,11,54,65,11,-12,-1,-3,171,168,104.5,3405.461774,4,8212.214039,3,55.1,4,39404,5.1,2,0.6,1,1,1,1.6,1,44.8
L'Érable (Municipalité régionale de comté),Québec,"23,425",225,188,209,202,206,-16,44,28,-2,-51,-53,16,-129,-113,24,86,110,-7,-298.8260406,3,8794.023479,3,49.9,3,33695,6,2,0.7,1,0.7,1,1.4,1,46.6
Les Appalaches (Municipalité régionale de comté),Québec,"42,346",487,470,503,520,495,-32,113,81,7,126,133,-15,144,129,18,110,128,117.75,2780.664053,4,11689.41577,4,53.1,4,34679,4.7,1,0.9,1,1,1,1.9,1,51.9
Les Basques (Municipalité régionale de comté),Québec,"8,694",109,117,109,109,111,4,32,36,4,18,22,5,-7,-2,10,-23,-13,10.75,1236.484932,4,12767.42581,5,49.6,3,31838,12.1,3,0.4,1,1.6,1,2,1,55.6
Les Collines-de-l'Outaouais (Municipalité régionale de comté),Québec,"49,094",219,220,207,235,220.25,22,266,288,-10,355,345,123,47,170,281,221,502,326.25,6645.414918,5,4486.291604,1,59.5,4,51786,5,2,2.1,1,4.9,1,7,2,41.8
Les Etchemins (Municipalité régionale de comté),Québec,"16,536",158,172,161,163,163.5,-7,45,38,8,-25,-17,1,-37,-36,-7,23,16,0.25,15.11852927,3,9887.518142,3,45.9,3,33545,6.3,2,1.3,1,0.8,1,2.1,1,50.7
Les Îles-de-la-Madeleine (Territoire équivalent),Québec,"12,475",129,115,122,133,124.75,10,-7,3,-15,42,27,4,97,101,-3,122,119,62.5,5010.02004,5,10000,4,51.1,4,37974,12,3,0.4,1,1.8,1,2.2,1,52.1
Les Jardins-de-Napierville (Municipalité régionale de comté),Québec,"27,870",201,206,218,202,206.75,-2,428,426,-8,167,159,-69,268,199,-5,176,171,238.75,8566.559024,5,7418.371008,2,46.7,3,38548,5,2,2,1,1.5,1,3.5,1,41.2
Les Laurentides (Municipalité régionale de comté),Québec,"45,902",422,400,458,479,439.75,-19,501,482,-4,387,383,0,625,625,41,538,579,517.25,11268.57218,5,9580.192584,3,54.7,4,37413,9.9,2,1.4,1,2.2,1,3.6,1,51.5
Les Maskoutains (Municipalité régionale de comté),Québec,"87,099",790,818,803,853,816,-47,268,221,-3,-141,-144,-42,-40,-82,-27,108,81,19,218.1425734,3,9368.649468,3,50.3,4,38950,5.6,2,4.2,1,0.9,1,5.1,2,43.7
Les Moulins (Municipalité régionale de comté),Québec,"158,267",766,722,918,885,822.75,-102,735,633,-68,"1,530","1,462",-21,"1,315","1,294",18,"1,834","1,852","1,310.25",8278.731511,5,5198.493685,2,57,4,45156,5.7,2,9.9,2,1.1,1,11,3,38.9
Les Pays-d'en-Haut (Municipalité régionale de comté),Québec,"41,877",373,375,423,380,387.75,-5,647,642,2,683,685,21,738,759,4,648,652,684.5,16345.48798,5,9259.259259,3,62.6,5,46489,6.9,2,1.7,1,1.2,1,2.9,1,54.5
Les Sources (Municipalité régionale de comté),Québec,"14,286",171,170,159,161,165.25,7,2,9,5,-14,-9,6,68,74,9,-16,-7,16.75,1172.47655,4,11567.26865,4,50.2,4,33072,6.2,2,0.9,1,1.2,1,2.1,1,51
Lévis (Territoire équivalent),Québec,"143,414",813,898,969,982,915.5,-47,464,417,-64,210,146,4,711,715,14,607,621,474.75,3310.34627,4,6383.616662,2,66.6,5,47741,4.1,1,2.2,1,0.9,1,3.1,1,42.3
L'Île-d'Orléans (Municipalité régionale de comté),Québec,"7,082",52,53,57,67,57.25,-26,7,-19,-31,30,-1,5,-61,-56,-11,7,-4,-20,-2824.061,2,8083.874612,3,64.9,5,46983,3.5,1,1.6,1,0.6,1,2.2,1,52
L'Islet (Municipalité régionale de comté),Québec,"17,798",187,182,209,162,185,6,18,24,2,11,13,-6,-50,-56,7,-37,-30,-12.25,-688.279582,3,10394.42634,4,48.7,3,33218,6.5,2,0.2,1,0.9,1,1.1,1,52.1
Longueuil (Territoire équivalent),Québec,"415,347","3,078","3,140","3,280","3,285","3,195.75",-743,489,-254,-609,-605,"-1,214",-393,322,-71,-282,211,-71,-402.5,-969.0692361,3,7694.168972,3,62.1,5,47809,6.8,2,21,4,0.8,1,21.8,4,43.3
Lotbinière (Municipalité régionale de comté),Québec,"31,741",197,228,229,243,224.25,13,238,251,5,296,301,-24,267,243,9,142,151,236.5,7450.930973,5,7064.994802,2,55.8,4,37547,4.6,1,0.7,1,1,1,1.7,1,42.1
Manicouagan (Municipalité régionale de comté),Québec,"31,027",249,223,271,252,248.75,-11,-521,-532,-8,-277,-285,-25,-372,-397,-9,-213,-222,-359,-11570.56757,1,8017.210816,3,54.6,4,42610,10,3,1,1,11.5,3,12.5,3,46.6
Marguerite-D'Youville (Municipalité régionale de comté),Québec,"77,550",386,394,411,428,404.75,-37,230,193,-6,38,32,-46,95,49,-6,470,464,184.5,2379.110251,4,5219.213411,2,61.3,5,50161,4.1,1,3.3,1,0.7,1,4,1,40.1
Maria-Chapdelaine (Municipalité régionale de comté),Québec,"24,793",205,239,241,260,236.25,2,-113,-111,4,-141,-137,6,22,28,7,-109,-102,-80.5,-3246.884201,2,9528.899286,3,52.6,4,36002,13.6,3,0.7,1,7.9,2,8.6,2,49.3
Maskinongé (Municipalité régionale de comté),Québec,"36,316",333,326,357,336,338,-10,77,67,-2,178,176,11,16,27,6,150,156,106.5,2932.591695,4,9307.192422,3,51,4,35197,6.9,2,0.5,1,1.6,1,2.1,1,50.3
Matane (Municipalité régionale de comté),Québec,"21,301",228,227,249,272,244,3,-71,-68,7,-118,-111,6,-36,-30,-1,-48,-49,-64.5,-3028.026853,2,11454.86127,4,51.8,4,35236,11.8,3,1.4,1,1.9,1,3.3,1,52.8
Matawinie (Municipalité régionale de comté),Québec,"50,435",490,478,517,535,505,-19,686,667,-21,418,397,-4,575,571,18,706,724,589.75,11693.26856,5,10012.88788,4,48.2,3,34077,9.7,2,1,1,5.6,2,6.6,2,52.6
Mékinac (Municipalité régionale de comté),Québec,"12,358",136,160,145,158,149.75,2,91,93,5,40,45,-2,90,88,5,90,95,80.25,6493.769218,5,12117.65658,4,50.7,4,32993,11,3,0.6,1,1,1,1.6,1,55.8
Memphrémagog (Municipalité régionale de comté),Québec,"50,415",426,464,426,449,441.25,-30,374,344,19,582,601,14,517,531,12,446,458,483.5,9590.399683,5,8752.35545,3,57.3,4,42028,6.5,2,1.2,1,1.5,1,2.7,1,51.6
Minganie--Le Golfe-du-Saint-Laurent (Census division),Québec,"11,323",86,111,110,107,103.5,-38,-153,-191,-9,-121,-130,-2,-103,-105,-15,-81,-96,-130.5,-11525.21417,1,9140.687097,3,41.4,3,40612,20.4,5,0.5,1,31.4,4,31.9,4,44.6
Mirabel (Territoire équivalent),Québec,"50,513",195,197,210,226,207,7,"1,077","1,084",-3,"1,392","1,389",0,"1,420","1,420",10,"1,677","1,687","1,395.00",27616.65314,5,4097.954982,1,58.6,4,44473,4.8,1,2.9,1,1.1,1,4,1,35.8
Montcalm (Municipalité régionale de comté),Québec,"52,596",379,408,361,372,380,-16,747,731,-30,602,572,-25,490,465,-16,628,612,595,11312.64735,5,7224.884022,2,47.3,3,35183,7.3,2,1.4,1,1.5,1,2.9,1,40.2
Montmagny (Municipalité régionale de comté),Québec,"22,698",275,274,272,288,277.25,-10,8,-2,-10,37,27,-4,65,61,-8,-13,-21,16.25,715.9221077,3,12214.73258,4,49.1,3,34645,5.6,2,0.7,1,1.1,1,1.8,1,51.2
Montréal (Territoire équivalent),Québec,"1,942,044","14,684","15,032","15,374","15,190","15,070.00","-5,654","-17,030","-22,684","-4,227","-20,333","-24,560","-3,044","-24,187","-27,231","-3,541","-28,394","-31,935","-26,602.50",-13698.19633,1,7759.865379,3,62.8,5,43670,9,2,32.9,4,0.7,1,33.6,4,39.1
Nicolet-Yamaska (Municipalité régionale de comté),Québec,"23,159",224,218,253,275,242.5,-5,-10,-15,3,238,241,3,110,113,-2,28,26,91.25,3940.152856,4,10471.09115,4,53.4,4,35406,5.5,2,1.1,1,3,1,4.1,1,47.6
Nord-du-Québec (Census division),Québec,"44,561",248,252,268,315,270.75,-18,-334,-352,-5,-297,-302,-38,-101,-139,3,-275,-272,-266.25,-5974.955679,1,6075.940845,2,40.6,3,41798,13,3,1.2,1,66.7,5,67.9,5,29.2
Papineau (Municipalité régionale de comté),Québec,"22,832",225,247,259,248,244.75,20,159,179,-4,29,25,7,205,212,32,164,196,153,6701.121233,5,10719.60406,4,48.8,3,34787,8,2,0.9,1,3.2,1,4.1,1,52.1
Pierre-De Saurel (Municipalité régionale de comté),Québec,"51,025",549,675,613,603,610,7,118,125,-10,196,186,-31,284,253,-15,362,347,227.75,4463.498285,4,11954.92406,4,53.4,4,38347,7.7,2,1.7,1,1.2,1,2.9,1,51
Pontiac (Municipalité régionale de comté),Québec,"14,251",166,189,162,213,182.5,-68,18,-50,5,-13,-8,-34,54,20,15,33,48,2.5,175.4262859,3,12806.11887,5,43.1,3,35665,10.5,3,0.6,1,18.1,3,18.7,3,50.4
Portneuf (Municipalité régionale de comté),Québec,"53,008",441,443,457,457,449.5,-7,281,274,-12,355,343,15,282,297,27,93,120,258.5,4876.622397,4,8479.852098,3,57.6,4,39168,5.5,2,0.9,1,1.2,1,2.1,1,46.4
Québec (Territoire équivalent),Québec,"569,717","4,680","4,945","5,269","5,076","4,992.50",-825,154,-671,-576,441,-135,-546,735,189,-228,"1,344","1,116",124.75,218.968365,3,8763.122743,3,66,5,44774,4.9,1,6.2,2,1.7,1,7.9,2,43.5
Rimouski-Neigette (Municipalité régionale de comté),Québec,"56,650",469,590,541,520,530,4,151,155,-34,84,50,-13,101,88,-10,199,189,120.5,2127.096205,4,9355.692851,3,62.9,5,40303,7.8,2,1.5,1,1.7,1,3.2,1,47.3
Rivière-du-Loup (Municipalité régionale de comté),Québec,"33,958",309,294,359,316,319.5,-8,106,98,17,143,160,-3,144,141,10,70,80,119.75,3526.414983,4,9408.681312,3,59,4,39059,6.1,2,1.1,1,1.1,1,2.2,1,46.7
Robert-Cliche (Municipalité régionale de comté),Québec,"19,125",157,198,157,181,173.25,4,37,41,7,-4,3,-5,-14,-19,8,11,19,11,575.1633987,3,9058.823529,3,51.1,4,36379,4.2,1,1.1,1,1.2,1,2.3,1,44.1
Roussillon (Municipalité régionale de comté),Québec,"171,443","1,030","1,090","1,227","1,288","1,158.75",-197,"1,105",908,-63,"1,379","1,316",-61,"2,278","2,217",-17,"2,065","2,048","1,622.25",9462.328587,5,6758.806134,2,57,4,46820,5.8,2,10.8,3,1.6,1,12.4,3,40.6
Rouville (Municipalité régionale de comté),Québec,"36,536",317,291,284,297,297.25,1,-37,-36,-22,181,159,-40,15,-25,9,58,67,41.25,1129.023429,4,8135.811255,3,52.6,4,41304,4.3,1,1.6,1,1.1,1,2.7,1,40.8
Rouyn-Noranda (Territoire équivalent),Québec,"42,334",349,337,377,372,358.75,-14,13,-1,-36,49,13,14,-150,-136,4,-96,-92,-54,-1275.570463,2,8474.275996,3,56.2,4,45512,7.6,2,2,1,2.6,1,4.6,1,41.9
Sept-Rivières--Caniapiscau (Census division),Québec,"39,322",267,299,272,296,283.5,-21,-725,-746,-19,-567,-586,-19,-312,-331,-10,-299,-309,-493,-12537.51081,1,7209.704491,2,51.8,4,49283,10.6,3,1,1,18.9,3,19.9,3,40.9
Shawinigan (Territoire équivalent),Québec,"49,349",619,691,665,752,681.75,-3,87,84,13,82,95,8,231,239,10,406,416,208.5,4225.009625,4,13814.8696,5,53,4,33626,9.1,2,1.3,1,1.6,1,2.9,1,53.3
Sherbrooke (Territoire équivalent),Québec,"161,323","1,176","1,293","1,393","1,258","1,280.00",-289,366,77,-159,-33,-192,-176,945,769,-140,708,568,305.5,1893.716333,4,7934.392492,3,61.4,5,38874,6.9,2,7.3,2,1.1,1,8.4,2,40.5
Témiscamingue (Municipalité régionale de comté),Québec,"15,980",152,151,131,166,150,-21,-120,-141,15,-120,-105,-4,-85,-89,20,-110,-90,-106.25,-6648.93617,1,9386.733417,3,51.4,4,38208,9,2,1,1,12.3,3,13.3,3,46.9
Témiscouata (Municipalité régionale de comté),Québec,"19,574",217,213,208,203,210.25,8,-76,-68,10,-48,-38,7,-81,-74,8,10,18,-40.5,-2069.071217,2,10741.28947,4,49.8,3,32919,10.6,3,0.5,1,2.4,1,2.9,1,52.4
Thérèse-De Blainville (Municipalité régionale de comté),Québec,"157,103",942,"1,037","1,015","1,053","1,011.75",-116,674,558,-96,753,657,-56,701,645,-24,"1,025","1,001",715.25,4552.745651,4,6440.04252,2,59.7,4,51155,5.6,2,6.1,2,1,1,7.1,2,41.2
Vaudreuil-Soulanges (Municipalité régionale de comté),Québec,"149,349",771,802,807,839,804.75,-401,"1,310",909,-215,"1,772","1,557",-167,"1,868","1,701",-88,"1,646","1,558","1,431.25",9583.258006,5,5388.385593,2,58.9,4,47259,5.4,2,10.5,3,1.2,1,11.7,3,40.7
Algoma (District),Ontario,"114,094","1,369","1,454","1,470","1,522","1,453.75",-72,19,-53,24,32,56,-12,348,336,15,519,534,218.25,1912.896384,4,12741.68668,5,49.8,3,40833,10.5,3,2.3,1,13.8,3,16.1,3,49
Brant (Census division),Ontario,"134,808","1,319","1,411","1,433","1,475","1,409.50",-67,"1,147","1,080",-27,"1,585","1,558",35,"1,020","1,055",-42,"1,473","1,431","1,281.00",9502.403418,5,10455.61094,4,48.1,3,42016,6.1,2,7.7,2,5.2,2,12.9,3,41.7
Bruce (County),Ontario,"68,147",654,673,716,734,694.25,-8,345,337,18,783,801,29,836,865,18,899,917,730,10712.137,5,10187.53577,4,53.6,4,48367,6.2,2,2.7,1,4.7,1,7.4,2,48.5
Chatham-Kent (Census division),Ontario,"102,042","1,066","1,105","1,186","1,174","1,132.75",26,81,107,74,359,433,11,295,306,-20,411,391,309.25,3030.614845,4,11100.82123,4,45.8,3,39021,7.5,2,4.5,1,4.1,1,8.6,2,45.8
Cochrane (District),Ontario,"79,682",791,786,863,813,813.25,-81,-676,-757,-70,-464,-534,-114,-475,-589,-44,-456,-500,-595,-7467.182049,1,10206.19462,4,46.7,3,45390,9,2,1.6,1,16.3,3,17.9,3,43.3
Dufferin (County),Ontario,"61,735",447,422,427,537,458.25,-160,"1,381","1,221",-137,"1,219","1,082",-102,"1,161","1,059",-142,754,612,993.5,16092.97805,5,7422.855754,2,49.2,3,48074,5.9,2,8.1,2,1.9,1,10,3,40.7
Durham (Regional municipality),Ontario,"645,862","4,180","4,196","4,593","4,695","4,416.00",-619,"5,743","5,124",-364,"4,098","3,734",-546,"4,747","4,201",-306,"6,320","6,014","4,768.25",7382.769075,5,6837.373928,2,53.9,4,49018,8,2,27.1,4,2,1,29.1,4,40.2
Elgin (County),Ontario,"88,978",850,796,865,870,845.25,45,386,431,30,666,696,-16,724,708,-36,"1,111","1,075",727.5,8176.178381,5,9499.539212,3,45.5,3,40341,6.3,2,3,1,2.3,1,5.3,2,42.5
Essex (County),Ontario,"398,953","3,388","3,484","3,651","3,776","3,574.75",130,-222,-92,229,213,442,425,921,"1,346",355,82,437,533.25,1336.623612,4,8960.32866,3,49.8,3,44139,7.3,2,18.1,3,2.5,1,20.6,4,42.4
Frontenac (County),Ontario,"150,475","1,300","1,383","1,437","1,518","1,409.50",290,885,"1,175",426,"1,274","1,700",405,"1,219","1,624",228,703,931,"1,357.50",9021.432132,5,9367.004486,3,57.7,4,46951,7.5,2,8.1,2,3.7,1,11.8,3,43.6
Greater Sudbury (Census division),Ontario,"161,647","1,594","1,608","1,681","1,729","1,653.00",-19,-347,-366,9,-154,-145,-35,142,107,49,49,98,-76.5,-473.2534473,3,10225.98625,4,54,4,48443,8.3,2,3.8,1,9.5,2,13.3,3,43.3
Grey (County),Ontario,"93,830",980,"1,042","1,098","1,127","1,061.75",-3,976,973,-48,"1,542","1,494",9,"1,363","1,372",-16,"1,486","1,470","1,327.25",14145.26271,5,11315.67729,4,48.9,3,42819,5.9,2,2.1,1,2.6,1,4.7,1,49.3
Haldimand-Norfolk (Census division),Ontario,"109,787","1,052","1,161","1,132","1,201","1,136.50",-142,"1,021",879,-61,"1,136","1,075",-64,"2,168","2,104",-90,"1,682","1,592","1,412.50",12865.822,5,10351.86315,4,46.4,3,41731,6.9,2,2.1,1,3.2,1,5.3,2,46.5
Haliburton (County),Ontario,"18,062",225,219,260,246,237.5,25,290,315,-14,568,554,-24,417,393,-25,309,284,386.5,21398.51622,5,13149.15292,5,50.6,4,39258,9.6,2,1.4,1,2.9,1,4.3,1,57.5
Halton (Regional municipality),Ontario,"548,435","3,072","3,327","3,513","3,514","3,356.50",218,"3,428","3,646",262,"1,783","2,045",555,"2,529","3,084",348,"5,152","5,500","3,568.75",6507.152169,5,6120.141858,2,62.7,5,64762,6,2,25.7,4,1,1,26.7,4,40.5
Hamilton (Census division),Ontario,"536,917","4,597","4,847","5,074","5,003","4,880.25",93,"1,232","1,325",170,"2,087","2,257",-177,"1,183","1,006",99,"1,827","1,926","1,628.50",3033.057251,4,9089.393705,3,51.6,4,43966,7,2,19,3,2.3,1,21.3,4,41.5
Hastings (County),Ontario,"136,445","1,492","1,546","1,602","1,645","1,571.25",29,"1,055","1,084",60,"1,567","1,627",-92,"1,794","1,702",38,"1,360","1,398","1,452.75",10647.1472,5,11515.62901,4,47.1,3,38646,7.1,2,3.6,1,7.4,2,11,3,46.3
Huron (County),Ontario,"59,297",660,651,692,690,673.25,-41,79,38,-10,309,299,11,585,596,-28,460,432,341.25,5754.92858,5,11353.86276,4,46.7,3,41536,5.3,2,1.5,1,1.4,1,2.9,1,46.3
Kawartha Lakes (Census division),Ontario,"75,423",902,951,997,981,957.75,-39,"1,030",991,-102,"1,516","1,414",-98,"1,416","1,318",-53,"1,154","1,101","1,206.00",15989.81743,5,12698.38113,5,47.3,3,41487,7.7,2,2.1,1,2.7,1,4.8,1,51.2
Kenora (District),Ontario,"65,533",585,612,673,697,641.75,-37,-173,-210,66,-154,-88,-2,-131,-133,-43,-24,-67,-124.5,-1899.806205,2,9792.776159,3,40.4,3,40419,11.6,3,1.6,1,49.2,5,50.8,5,36.5
Lambton (County),Ontario,"126,638","1,344","1,412","1,423","1,410","1,397.25",33,90,123,166,183,349,182,546,728,164,459,623,455.75,3598.84079,4,11033.41809,4,53.9,4,48249,8.1,2,4.4,1,5.5,2,9.9,2,46.1
Lanark (County),Ontario,"68,698",688,776,767,811,760.5,39,489,528,43,589,632,69,"1,013","1,082",68,"1,298","1,366",902,13129.931,5,11070.19127,4,54.3,4,44111,6.3,2,1.9,1,3.9,1,5.8,2,48.2
Leeds and Grenville (United counties),Ontario,"100,546","1,018","1,104","1,105","1,095","1,080.50",-2,528,526,98,365,463,92,899,991,138,874,"1,012",748,7439.38098,5,10746.32507,4,52.3,4,42939,7.7,2,2.2,1,3.5,1,5.7,2,49.3
Lennox and Addington (County),Ontario,"42,888",431,494,431,543,474.75,-40,118,78,38,259,297,38,332,370,29,667,696,360.25,8399.785488,5,11069.52994,4,50.9,4,42084,6.4,2,2.3,1,4.9,1,7.2,2,47.2
Manitoulin (District),Ontario,"13,255",156,198,172,182,177,1,66,67,-3,127,124,16,99,115,13,169,182,122,9204.073934,5,13353.45153,5,51.8,4,34539,13.4,3,0.7,1,40.6,5,41.3,5,49.5
Middlesex (County),Ontario,"455,526","3,655","3,613","3,978","4,103","3,837.25",284,"2,022","2,306",497,"3,012","3,509",636,"3,590","4,226",539,"1,294","1,833","2,968.50",6516.642299,5,8423.778226,3,55.3,4,44431,7.4,2,17,3,2.5,1,19.5,3,40.3
Muskoka (District municipality),Ontario,"60,599",641,656,766,737,700,6,947,953,-58,"1,331","1,273",11,"1,248","1,259",15,"1,116","1,131","1,154.00",19043.21853,5,11551.34573,4,51.6,4,45531,7.1,2,1.9,1,3.7,1,5.6,2,51.3
Niagara (Regional municipality),Ontario,"447,888","4,345","4,724","4,880","4,937","4,721.50",-342,"3,886","3,544",-246,"3,649","3,403",-357,"3,310","2,953",-383,"3,186","2,803","3,175.75",7090.500304,5,10541.69792,4,50.5,4,41858,7.4,2,8.9,2,2.8,1,11.7,3,45.7
Nipissing (District),Ontario,"83,150",807,891,963,"1,012",918.25,-50,21,-29,-89,431,342,24,299,323,-4,564,560,299,3595.911004,4,11043.29525,4,52.8,4,41581,9.9,2,2.4,1,14.2,3,16.6,3,45.9
Northumberland (County),Ontario,"85,598",925,"1,022","1,072","1,112","1,032.75",-127,"1,094",967,-80,"1,726","1,646",-122,"1,038",916,-72,827,755,"1,071.00",12511.97458,5,12065.11834,4,50.8,4,44337,7.3,2,3.4,1,2.7,1,6.1,2,51.4
Ottawa (Census division),Ontario,"934,243","5,708","6,281","6,518","6,680","6,296.75","3,183","1,659","4,842","4,419","2,893","7,312","4,123","2,272","6,395","3,341","1,836","5,177","5,931.50",6348.990573,5,6739.948814,2,63.7,5,54605,7.2,2,26.3,4,2.5,1,28.8,4,40.1
Oxford (County),Ontario,"110,862","1,024","1,036","1,030","1,076","1,041.50",-19,927,908,28,"1,692","1,720",-32,"1,779","1,747",-100,"1,576","1,476","1,462.75",13194.33169,5,9394.562609,3,45.3,3,43553,4.8,1,3.2,1,1.9,1,5.1,2,42.3
Parry Sound (District),Ontario,"42,824",448,514,553,506,505.25,-19,400,381,-36,413,377,-30,644,614,4,303,307,419.75,9801.746684,5,11798.29068,4,50.2,4,39937,9.3,2,1.5,1,7.4,2,8.9,2,52.6
Peel (Regional municipality),Ontario,"1,381,739","6,108","6,355","6,706","7,098","6,566.75","1,178","-10,419","-9,241","1,450","-14,890","-13,440",569,"-19,369","-18,800",-340,"-22,045","-22,385","-15,966.50",-11555.3661,1,4752.525622,1,54.7,4,42651,8.2,2,62.3,5,0.7,1,63,5,38.1
Perth (County),Ontario,"76,796",724,712,793,769,749.5,-82,175,93,-55,685,630,38,810,848,9,659,668,559.75,7288.791083,5,9759.622897,3,45.2,3,43635,4,1,3.6,1,1.4,1,5,2,42.4
Peterborough (County),Ontario,"138,236","1,398","1,510","1,686","1,664","1,564.50",-103,"1,717","1,614",-66,"1,750","1,684",-205,"1,416","1,211",-160,"1,132",972,"1,370.25",9912.396192,5,11317.60178,4,54.1,4,41943,8,2,4.4,1,4.6,1,9,2,46.9
Prescott and Russell (United counties),Ontario,"89,333",693,731,810,799,758.25,110,-104,6,285,244,529,218,671,889,247,"1,170","1,417",710.25,7950.589368,5,8487.904806,3,49.4,3,45786,5.3,2,3.1,1,3.2,1,6.3,2,44.3
Prince Edward (Census division),Ontario,"24,735",310,323,293,340,316.5,-18,155,137,-49,213,164,-1,188,187,-11,350,339,206.75,8358.601172,5,12795.63372,5,55.8,4,44785,5.6,2,2.2,1,3,1,5.2,2,54.5
Rainy River (District),Ontario,"20,110",209,218,221,262,227.5,23,-31,-8,14,-11,3,-8,9,1,-10,-11,-21,-6.25,-310.7906514,3,11312.77971,4,46.6,3,42350,9.1,2,1.3,1,27.3,4,28.6,4,44.7
Renfrew (County),Ontario,"102,394","1,044","1,042","1,109","1,152","1,086.75",-106,191,85,114,411,525,77,427,504,3,679,682,449,4385.02256,4,10613.41485,4,50,4,42506,7.2,2,2.7,1,8.5,2,11.2,3,44.8
Simcoe (County),Ontario,"479,650","3,946","4,091","4,506","4,421","4,241.00",-501,"8,763","8,262",-509,"10,411","9,902",-648,"8,255","7,607",-653,"8,683","8,030","8,450.25",17617.53362,5,8841.863859,3,50,4,44949,6.9,2,7.2,2,4.7,1,11.9,3,43.1
"Stormont, Dundas and Glengarry (United counties)",Ontario,"113,429","1,181","1,285","1,260","1,344","1,267.50",280,-296,-16,341,-67,274,318,180,498,296,585,881,409.25,3607.983849,4,11174.39103,4,46.2,3,38922,7.8,2,3.5,1,4.4,1,7.9,2,47.1
Sudbury (District),Ontario,"21,546",199,206,217,236,214.5,22,-314,-292,36,-84,-48,-8,25,17,3,89,92,-57.75,-2680.311891,2,9955.444166,3,46.2,3,41950,9.9,2,1.2,1,17.5,3,18.7,3,50.4
Thunder Bay (District),Ontario,"146,048","1,536","1,564","1,789","1,705","1,648.50",-249,-144,-393,-65,-188,-253,-131,-140,-271,-160,-171,-331,-312,-2136.283961,2,11287.38497,4,52.9,4,44707,8.2,2,3.6,1,15.2,3,18.8,3,45
Timiskaming (District),Ontario,"32,251",418,406,357,383,391,-85,-131,-216,-19,-14,-33,-22,58,36,-8,99,91,-30.5,-945.7071099,3,12123.65508,4,47,3,41767,8.6,2,1.5,1,8.1,2,9.6,2,47.2
Toronto (Census division),Ontario,"2,731,571","17,158","17,858","18,409","18,805","18,057.50","5,516","-28,073","-22,557","5,490","-30,124","-24,634","3,544","-31,526","-27,982","2,199","-33,134","-30,935","-26,527.00",-9711.261395,1,6610.664705,2,59.1,4,52268,8.2,2,51.5,5,0.9,1,52.4,5,39.3
Waterloo (Regional municipality),Ontario,"535,154","3,643","3,642","3,950","4,098","3,833.25",303,"2,080","2,383",436,"3,034","3,470",638,"2,296","2,934",396,945,"1,341","2,532.00",4731.34836,4,7162.891429,2,52.5,4,46906,6.3,2,19,3,1.7,1,20.7,4,38.5
Wellington (County),Ontario,"222,726","1,643","1,710","1,813","1,889","1,763.75",-17,"1,722","1,705",147,"1,980","2,127",52,"2,069","2,121",18,"1,427","1,445","1,849.50",8303.925002,5,7918.922802,3,53.3,4,48724,5.3,2,12.5,3,1.5,1,14,3,40.3
York (Regional municipality),Ontario,"1,109,909","5,240","5,611","5,822","5,903","5,644.00",291,"-5,218","-4,927",520,"-9,985","-9,465",665,"-4,700","-4,035",743,103,846,"-4,395.25",-3960.009334,2,5085.101571,2,58.1,4,50867,6.4,2,49.2,5,0.5,1,49.7,5,41.1
Division No. 1 (Census division) [Manitoba],Manitoba,"18,534",189,171,180,190,182.5,11,10,21,17,1,18,8,26,34,-41,143,102,43.75,2360.5266,4,9846.768102,3,45.2,3,41373,8.2,2,2.9,1,19.8,3,22.7,4,53.3
Division No. 2 (Census division) [Manitoba],Manitoba,"75,571",394,411,445,460,427.5,-123,592,469,-103,373,270,-129,481,352,-102,607,505,399,5279.803099,5,5656.931892,2,41.7,3,41740,5,2,4.5,1,13.3,3,17.8,3,33.1
Division No. 3 (Census division) [Manitoba],Manitoba,"54,796",362,399,407,397,391.25,-150,-233,-383,-32,-237,-269,-134,-139,-273,-221,-92,-313,-309.5,-5648.222498,1,7140.119717,2,35.6,2,38351,5.2,2,3,1,3.6,1,6.6,2,33.3
Division No. 4 (Census division) [Manitoba],Manitoba,"9,986",132,123,107,87,112.25,-4,42,38,-36,-5,-41,7,-5,2,-11,25,14,3.25,325.4556379,3,11240.73703,4,43.7,3,36670,4.7,1,3,1,8.3,2,11.3,3,42.8
Division No. 5 (Census division) [Manitoba],Manitoba,"13,176",138,150,140,177,151.25,-20,-22,-42,-19,-88,-107,5,-34,-29,-49,25,-24,-50.5,-3832.726169,2,11479.20461,4,45.6,3,48129,5,2,2.6,1,6.2,2,8.8,2,46.2
Division No. 6 (Census division) [Manitoba],Manitoba,"10,317",100,114,112,117,110.75,21,-55,-34,-24,-93,-117,-16,-76,-92,15,12,27,-54,-5234.079674,1,10734.7097,4,41.1,3,42844,7.4,2,2.5,1,18.4,3,20.9,4,39.3
Division No. 7 (Census division) [Manitoba],Manitoba,"68,746",525,645,611,601,595.5,-232,466,234,-321,462,141,-640,295,-345,-588,255,-333,-75.75,-1101.882291,2,8662.322171,3,48.3,3,45201,6.7,2,12.5,3,11.8,3,24.3,4,36.9
Division No. 8 (Census division) [Manitoba],Manitoba,"13,968",133,155,128,118,133.5,3,-82,-79,38,35,73,3,49,52,-6,12,6,13,930.69874,3,9557.560137,3,34.3,2,35179,5.5,2,1.5,1,26.7,4,28.2,4,37
Division No. 9 (Census division) [Manitoba],Manitoba,"24,391",238,256,233,263,247.5,-5,111,106,-1,-40,-41,-77,-159,-236,-8,-7,-15,-46.5,-1906.4409,2,10147.18544,4,41.3,3,39722,6.9,2,3.8,1,30.2,4,34,4,38.5
Division No. 10 (Census division) [Manitoba],Manitoba,"11,941",47,41,44,43,43.75,1,70,71,16,201,217,0,267,267,40,181,221,194,16246.54552,5,3663.847249,1,55.4,4,57041,4.4,1,2.9,1,10.7,3,13.6,3,37.6
Division No. 11 (Census division) [Manitoba],Manitoba,"708,823","5,821","6,046","6,205","6,203","6,068.75","-3,740",-225,"-3,965","-3,941",161,"-3,780","-5,129",-505,"-5,634","-5,524","-1,496","-7,020","-5,099.75",-7194.673423,1,8561.728386,3,53.2,4,45051,6.5,2,27.9,4,12.2,3,40.1,5,38.8
Division No. 12 (Census division) [Manitoba],Manitoba,"23,683",130,161,175,159,156.25,-64,140,76,-73,146,73,1,171,172,-13,120,107,107,4518.008698,4,6597.559431,2,50.8,4,49822,4.9,1,2.1,1,11.2,3,13.3,3,42.3
Division No. 13 (Census division) [Manitoba],Manitoba,"49,086",420,438,496,460,453.5,-86,575,489,-56,391,335,-91,480,389,-25,860,835,512,10430.6727,5,9238.886852,3,50.2,4,53443,5.5,2,3.2,1,17.2,3,20.4,4,45.7
Division No. 14 (Census division) [Manitoba],Manitoba,"18,621",149,119,142,150,140,-25,66,41,-60,138,78,-2,107,105,-28,155,127,87.75,4712.42146,4,7518.393212,3,47.4,3,48926,4.2,1,1.4,1,15.2,3,16.6,3,41.4
Division No. 15 (Census division)[Manitoba],Manitoba,"21,379",234,266,251,236,246.75,-205,-267,-472,-257,-242,-499,-260,-156,-416,-175,-150,-325,-428,-20019.64545,1,11541.6998,4,45.9,3,38949,5.5,2,10.3,3,11.7,3,22,4,44.1
Division No. 16 (Census division) [Manitoba],Manitoba,"9,848",124,122,134,114,123.5,-58,-32,-90,-46,-52,-98,-38,-45,-83,-52,45,-7,-69.5,-7057.270512,1,12540.61738,5,38.1,2,38119,6.1,2,2.2,1,29.9,4,32.1,4,43.5
Division No. 17 (Census division) [Manitoba],Manitoba,"22,205",300,293,273,306,293,0,-158,-158,-7,-179,-186,-33,-9,-42,-15,-72,-87,-118.25,-5325.377167,1,13195.2263,5,40.1,3,36591,7,2,1.9,1,29.9,4,31.8,4,46.5
Division No. 18 (Census division) [Manitoba],Manitoba,"24,036",267,300,266,242,268.75,65,27,92,-33,-46,-79,-26,135,109,-17,193,176,74.5,3099.517391,4,11181.14495,4,39.3,2,36592,8.3,2,1.7,1,28.2,4,29.9,4,48.1
Division No. 19 (Census division) [Manitoba],Manitoba,"16,518",128,141,121,140,132.5,-15,-291,-306,61,-159,-98,8,53,61,-18,15,-3,-86.5,-5236.711466,1,8021.552246,3,23.4,1,21367,29,5,0.2,1,94.9,5,95.1,5,26.7
Division No. 20 (Census division) [Manitoba],Manitoba,"9,621",101,123,130,132,121.5,-45,-45,-90,14,-35,-21,-29,-50,-79,-47,-42,-89,-69.75,-7249.766137,1,12628.62488,5,39.2,2,37404,5.2,2,2,1,19.5,3,21.5,4,46.5
Division No. 21 (Census division) [Manitoba],Manitoba,"21,983",165,195,199,187,186.5,-107,-149,-256,-99,-186,-285,-154,-205,-359,-142,-157,-299,-299.75,-13635.53655,1,8483.828413,3,42.2,3,44340,9.8,2,2,1,53.4,5,55.4,5,34.8
Division No. 22 (Census division) [Manitoba],Manitoba,"42,165",258,289,249,284,270,-68,-446,-514,-182,-483,-665,-374,-602,-976,-310,-583,-893,-762,-18071.86055,1,6403.415155,2,27.7,1,34655,16,4,4.2,1,79.8,5,84,5,25.2
Division No. 23 (Census division) [Manitoba],Manitoba,"8,971",69,64,73,71,69.25,-35,-94,-129,20,-63,-43,-48,-79,-127,-14,-49,-63,-90.5,-10088.06153,1,7719.317802,3,26.3,1,33401,18.9,4,1.8,1,84.4,5,86.2,5,25.2
Division No. 1 (Census division) [Saskatchewan],Saskatchewan,"31,766",304,261,269,275,277.25,-316,-369,-685,-185,-356,-541,-195,-226,-421,-195,-241,-436,-520.75,-16393.31361,1,8727.88516,3,41.5,3,57498,7.6,2,6.8,2,7.2,2,14,3,38.4
Division No. 2 (Census division) [Saskatchewan],Saskatchewan,"22,825",224,201,223,233,220.25,-76,-180,-256,-86,-202,-288,-113,-158,-271,-114,-189,-303,-279.5,-12245.34502,1,9649.507119,3,44.5,3,54140,5.6,2,6,2,3,1,9,2,39.8
Division No. 3 (Census division) [Saskatchewan],Saskatchewan,"12,610",150,147,148,163,152,125,-168,-43,80,-119,-39,-12,-100,-112,-56,-196,-252,-111.5,-8842.188739,1,12053.92546,4,42.9,3,42706,3.3,1,3.4,1,5,2,8.4,2,48.5
Division No. 4 (Census division) [Saskatchewan],Saskatchewan,"10,854",119,102,130,103,113.5,19,14,33,-16,-43,-59,-60,-86,-146,-55,-56,-111,-70.75,-6518.334255,1,10456.97439,4,45.2,3,44108,4.1,1,5.2,2,5.9,2,11.1,3,43.6
Division No. 5 (Census division) [Saskatchewan],Saskatchewan,"31,750",368,387,378,398,382.75,-49,-376,-425,-4,-280,-284,-106,-141,-247,-132,-211,-343,-324.75,-10228.34646,1,12055.11811,4,44.6,3,49614,5.8,2,4.2,1,10.9,3,15.1,3,44.3
Division No. 6 (Census division) [Saskatchewan],Saskatchewan,"262,837","1,999","1,975","2,037","2,159","2,042.50","-1,340","1,072",-268,"-1,929","1,042",-887,"-2,797",837,"-1,960","-3,408",935,"-2,473","-1,397.00",-5315.08121,1,7770.975928,3,52.3,4,53566,5.8,2,16.1,3,10.5,3,26.6,4,37.3
Division No. 7 (Census division) [Saskatchewan],Saskatchewan,"47,195",486,531,517,533,516.75,-90,36,-54,-81,-40,-121,-64,-108,-172,-358,-235,-593,-235,-4979.341032,2,10949.2531,4,47.3,3,46749,5.7,2,5.6,2,5.6,2,11.2,3,42.5
Division No. 8 (Census division) [Saskatchewan],Saskatchewan,"30,718",303,340,373,332,337,-148,-138,-286,-36,-64,-100,-138,-8,-146,-343,57,-286,-204.5,-6657.334462,1,10970.76633,4,46.6,3,49169,4.2,1,6.3,2,3.5,1,9.8,2,43.5
Division No. 9 (Census division) [Saskatchewan],Saskatchewan,"35,634",468,462,412,472,453.5,-15,-156,-171,-107,-116,-223,-99,-269,-368,-101,-253,-354,-279,-7829.600943,1,12726.60942,5,41.8,3,41795,6.6,2,5,2,12.6,3,17.6,3,44.8
Division No. 10 (Census division) [Saskatchewan],Saskatchewan,"16,563",244,238,229,216,231.75,-27,-242,-269,16,-219,-203,-28,-174,-202,3,-163,-160,-208.5,-12588.29922,1,13992.03043,5,39.7,2,36918,6.9,2,2.7,1,22.4,4,25.1,4,45.8
Division No. 11 (Census division) [Saskatchewan],Saskatchewan,"303,423","2,112","2,199","2,226","2,268","2,201.25","-1,415","2,609","1,194","-2,001","2,120",119,"-3,060","2,050","-1,010","-3,158","2,001","-1,157",-213.5,-703.6381553,3,7254.723604,2,55.6,4,52824,6.6,2,16.7,3,10.6,3,27.3,4,35.9
Division No. 12 (Census division) [Saskatchewan],Saskatchewan,"23,986",240,229,242,247,239.5,-8,-13,-21,-102,-55,-157,-82,-71,-153,-71,-112,-183,-128.5,-5357.291754,1,9984.991245,3,46.9,3,46891,6.2,2,3,1,16.3,3,19.3,3,41.7
Division No. 13 (Census division) [Saskatchewan],Saskatchewan,"23,224",219,209,181,212,205.25,-172,-284,-456,-233,-171,-404,-201,-323,-524,-228,-121,-349,-433.25,-18655.27041,1,8837.840165,3,45.2,3,50377,6.7,2,4.4,1,9.6,2,14,3,39.5
Division No. 14 (Census division) [Saskatchewan],Saskatchewan,"36,096",440,445,432,404,430.25,10,-414,-404,-28,-195,-223,-89,-285,-374,-34,-371,-405,-351.5,-9737.921099,1,11919.60328,4,42.1,3,40664,7.5,2,3.3,1,15.9,3,19.2,3,45.3
Division No. 15 (Census division) [Saskatchewan],Saskatchewan,"85,908",760,839,787,807,798.25,-55,-332,-387,-101,-240,-341,-434,-285,-719,-476,-138,-614,-515.25,-5997.695209,1,9291.916934,3,45.9,3,45472,8.7,2,5.2,2,30.3,4,35.5,4,38.4
Division No. 16 (Census division) [Saskatchewan],Saskatchewan,"37,999",413,395,395,419,405.5,-42,-284,-326,-199,-495,-694,-299,-310,-609,-207,-351,-558,-546.75,-14388.53654,1,10671.33346,4,41.4,3,39353,10.2,3,4.8,1,34.8,4,39.6,4,39.4
Division No. 17 (Census division) [Saskatchewan],Saskatchewan,"47,900",313,299,319,295,306.5,-629,-331,-960,-687,-58,-745,-630,-5,-635,-449,86,-363,-675.75,-14107.51566,1,6398.74739,2,42.8,3,44934,11.9,3,6.8,2,33.4,4,40.2,5,32.7
Division No. 18 (Census division) [Saskatchewan],Saskatchewan,"37,064",215,224,212,234,221.25,-44,-444,-488,-61,-509,-570,-68,-338,-406,-59,-442,-501,-491.25,-13254.10101,1,5969.404274,2,28.6,1,31971,23.8,5,0.7,1,87.4,5,88.1,5,25.7
Division No. 1 (Census division) [Alberta],Alberta,"82,627",751,768,778,761,764.5,-221,-274,-495,-95,-219,-314,117,-333,-216,178,-405,-227,-313,-3788.108003,2,9252.423542,3,46.9,3,52761,9.6,2,5.7,2,4.7,1,10.4,3,39.6
Division No. 2 (Census division) [Alberta],Alberta,"169,729","1,232","1,332","1,246","1,284","1,273.50",-94,-13,-107,-415,-282,-697,99,-194,-95,-4,-520,-524,-355.75,-2095.988311,2,7503.137354,3,47.4,3,48514,6.5,2,11.7,3,4.7,1,16.4,3,35.9
Division No. 3 (Census division) [Alberta],Alberta,"38,956",411,427,449,478,441.25,44,4,48,91,-103,-12,75,-171,-96,8,-93,-85,-36.25,-930.5370161,3,11326.88161,4,48.7,3,41439,8.1,2,2.6,1,22.1,4,24.7,4,41.7
Division No. 4 (Census division) [Alberta],Alberta,"9,573",90,109,117,93,102.25,-81,-102,-183,36,-105,-69,29,-117,-88,18,-186,-168,-127,-13266.47864,1,10681.08221,4,46.6,3,51418,4.7,1,3.2,1,3.2,1,6.4,2,43.9
Division No. 5 (Census division) [Alberta],Alberta,"55,708",468,483,461,514,481.5,-128,38,-90,-190,-109,-299,1,-196,-195,-27,-123,-150,-183.5,-3293.96137,2,8643.282832,3,47.2,3,48793,7.7,2,4.2,1,11.2,3,15.4,3,40.4
Division No. 6 (Census division) [Alberta],Alberta,"1,498,778","7,078","7,637","8,144","8,267","7,781.50","-4,920","2,816","-2,104","-6,000","2,939","-3,061","-2,298","2,418",120,-103,"2,972","2,869",-544,-362.96236,3,5191.896332,2,60,5,69070,9.3,2,31.8,4,3.1,1,34.9,4,36.9
Division No. 7 (Census division) [Alberta],Alberta,"41,574",406,410,383,409,402,-182,-305,-487,-169,-351,-520,-85,-397,-482,22,-353,-331,-455,-10944.34021,1,9669.504979,3,46,3,51942,7.5,2,4.1,1,4.2,1,8.3,2,40.9
Division No. 8 (Census division) [Alberta],Alberta,"209,395","1,433","1,420","1,480","1,495","1,457.00","-1,133",229,-904,-839,129,-710,184,209,393,-109,-47,-156,-344.25,-1644.022064,2,6958.141312,2,50,4,59077,10.5,3,9.4,2,7.2,2,16.6,3,36.8
Division No. 9 (Census division) [Alberta],Alberta,"20,869",154,171,190,172,171.75,-90,-140,-230,-62,-179,-241,-64,-108,-172,-13,-214,-227,-217.5,-10422.15727,1,8229.910393,3,44,3,63118,12.8,3,2.2,1,14.2,3,16.4,3,39.3
Division No. 10 (Census division) [Alberta],Alberta,"97,449",898,944,919,900,915.25,-610,-618,"-1,228",-357,-691,"-1,048",-19,-604,-623,-133,-644,-777,-919,-9430.573941,1,9392.092274,3,48.7,3,54612,9.1,2,5.6,2,6,2,11.6,3,40
Division No. 11 (Census division) [Alberta],Alberta,"1,366,050","8,093","8,346","8,912","8,980","8,582.75","-2,903","4,994","2,091","-4,161","4,940",779,"-1,205","3,584","2,379",-686,"3,686","3,000","2,062.25",1509.644596,4,6282.895941,2,56.1,4,60535,8.5,2,27.3,4,6.2,2,33.5,4,36.4
Division No. 12 (Census division) [Alberta],Alberta,"67,120",527,514,514,546,525.25,-335,-709,"-1,044",-353,-793,"-1,146",-187,-823,"-1,010",-239,-588,-827,"-1,006.75",-14999.25507,1,7825.536353,3,48.6,3,58154,10.9,3,6.2,2,22.7,4,28.9,4,35.2
Division No. 13 (Census division) [Alberta],Alberta,"71,016",627,599,617,654,624.25,-251,-534,-785,-278,-847,"-1,125",-78,-500,-578,-132,-781,-913,-850.25,-11972.65405,1,8790.272615,3,43.9,3,52683,10.1,3,3.8,1,10.1,3,13.9,3,42.4
Division No. 14 (Census division) [Alberta],Alberta,"29,291",218,214,219,206,214.25,-317,-235,-552,-263,-190,-453,-114,-281,-395,54,-241,-187,-396.75,-13545.11625,1,7314.533474,2,43,3,58221,9.5,2,6.3,2,10.5,3,16.8,3,38.7
Division No. 15 (Census division) [Alberta],Alberta,"38,594",209,226,217,223,218.75,88,-136,-48,-118,-198,-316,-69,-244,-313,-228,-240,-468,-286.25,-7416.956004,1,5667.979479,2,60.1,5,61129,7.3,2,10,3,13.3,3,23.3,4,38.7
Division No. 16 (Census division) [Alberta],Alberta,"73,988",171,155,173,171,167.5,"-1,950","-2,962","-4,912","-1,022","-2,240","-3,262",56,"-1,050",-994,-132,-855,-987,"-2,538.75",-34312.9967,1,2263.880629,1,58.7,4,98358,7.3,2,25.8,4,12,3,37.8,4,33
Division No. 17 (Census division) [Alberta],Alberta,"61,590",363,384,404,434,396.25,-203,"-1,005","-1,208",-194,-929,"-1,123",-165,"-1,079","-1,244",-110,-937,"-1,047","-1,155.50",-18761.16253,1,6433.674298,2,34.1,2,46063,12.8,3,4.4,1,40.7,5,45.1,5,30.2
Division No. 18 (Census division) [Alberta],Alberta,"14,488",99,86,111,104,100,-219,-293,-512,-133,-196,-329,-13,-91,-104,-30,-109,-139,-271,-18705.13528,1,6902.263943,2,41.5,3,54646,12.5,3,3.2,1,23.2,4,26.4,4,36.8
Division No. 19 (Census division) [Alberta],Alberta,"120,380",744,711,773,782,752.5,"-1,603",-755,"-2,358","-1,037",-576,"-1,613",489,-23,466,-366,-322,-688,"-1,048.25",-8707.841834,1,6251.038378,2,46.3,3,61818,9.4,2,8.1,2,10.5,3,18.6,3,33.7
Alberni-Clayoquot (Regional district),British Columbia,"30,981",290,350,360,375,343.75,187,132,319,98,172,270,117,276,393,124,392,516,374.5,12088.05397,5,11095.51015,4,46.7,3,37269,9.9,2,4.9,1,19.9,3,24.8,4,46.9
Bulkley-Nechako (Regional district),British Columbia,"37,896",289,280,319,341,307.25,86,-305,-219,72,-312,-240,34,-245,-211,93,-206,-113,-195.75,-5165.452818,1,8107.715854,3,44.9,3,45293,12.3,3,3.4,1,19.9,3,23.3,4,41.1
Capital (Regional district),British Columbia,"383,360","3,504","3,838","3,670","3,809","3,705.25","3,918","2,110","6,028","2,946","2,223","5,169","2,811","2,243","5,054","3,117","1,942","5,059","5,327.50",13896.85935,5,9665.197204,3,59.8,4,48004,5.6,2,13.7,3,4.8,1,18.5,3,45.5
Cariboo (Regional district),British Columbia,"61,988",602,659,625,710,649,210,-165,45,148,203,351,119,260,379,-31,301,270,261.25,4214.525392,4,10469.76834,4,41.8,3,40916,10.5,3,4,1,17.2,3,21.2,4,47.4
Central Coast (Regional district),British Columbia,"3,319",33,42,26,36,34.25,23,13,36,5,20,25,0,46,46,10,4,14,30.25,9114.191021,5,10319.37331,4,42.8,3,31334,12.6,3,1.7,1,61.9,5,63.6,5,41.3
Central Kootenay (Regional district),British Columbia,"59,517",629,649,596,693,641.75,636,-224,412,480,-18,462,439,49,488,389,94,483,461.25,7749.886587,5,10782.63353,4,55.5,4,38757,8.8,2,3.4,1,5.8,2,9.2,2,49.3
Central Okanagan (Regional district),British Columbia,"194,882","1,775","2,013","1,824","1,940","1,888.00","2,770","1,238","4,008","2,169","1,726","3,895","1,945","1,536","3,481","1,870","1,549","3,419","3,700.75",18989.69633,5,9687.913712,3,54.3,4,47214,7.1,2,7.8,2,6,2,13.8,3,45.5
Columbia-Shuswap (Regional district),British Columbia,"51,366",537,585,596,534,563,733,89,822,596,324,920,456,356,812,329,404,733,821.75,15997.93638,5,10960.55757,4,52.3,4,42219,9,2,3.2,1,7.3,2,10.5,3,50.5
Comox Valley (Regional district),British Columbia,"66,527",669,713,775,731,722,567,366,933,530,738,"1,268",518,620,"1,138",409,768,"1,177","1,129.00",16970.55331,5,10852.73648,4,55.2,4,41565,7.8,2,4.4,1,5.9,2,10.3,3,50.8
Cowichan Valley (Regional district),British Columbia,"83,739",818,894,904,917,883.25,655,488,"1,143",513,857,"1,370",361,841,"1,202",338,496,834,"1,137.25",13580.88824,5,10547.65402,4,52.9,4,41760,7.4,2,4.6,1,11.8,3,16.4,3,49.9
East Kootenay (Regional district),British Columbia,"60,439",528,550,537,551,541.5,389,-247,142,214,-34,180,454,67,521,635,91,726,392.25,6490.014726,5,8959.446715,3,54.5,4,48995,7.6,2,3.7,1,7.9,2,11.6,3,45.1
Fraser-Fort George (Regional district),British Columbia,"94,506","2,477","2,645","2,612","2,701","2,608.75","1,333","4,185","5,518",584,"3,329","3,913",-262,"3,164","2,902",-8,"1,799","1,791","3,531.00",37362.70713,5,27604.06747,5,47.6,3,48384,9.1,2,7.5,2,14.4,3,21.9,4,39.9
Fraser Valley (Regional district),British Columbia,"295,934",718,720,784,840,765.5,270,-74,196,281,58,339,161,370,531,91,33,124,297.5,1005.29172,4,2586.725419,1,45.3,3,40277,6.7,2,20.3,4,7.7,2,28,4,41.2
Greater Vancouver (Regional district),British Columbia,"2,463,431","15,161","16,259","16,299","16,090","15,952.25","9,095","-9,928",-833,"5,717","-13,099","-7,382","3,769","-14,440","-10,671","3,360","-11,851","-8,491","-6,844.25",-2778.340453,2,6475.62282,2,57.5,4,46821,5.8,2,48.9,5,2.5,1,51.4,5,40.9
Kitimat-Stikine (Regional district),British Columbia,"37,367",255,296,301,320,293,123,-360,-237,74,-263,-189,61,-286,-225,139,-115,24,-156.75,-4194.877833,2,7841.143255,3,46.4,3,44431,13.8,3,4.6,1,35.9,4,40.5,5,40.8
Kootenay Boundary (Regional district),British Columbia,"31,447",340,427,449,414,407.5,249,195,444,240,207,447,132,363,495,149,170,319,426.25,13554.5521,5,12958.31081,5,53.9,4,41850,7.9,2,3.5,1,6.5,2,10,3,51.6
Mount Waddington (Regional district),British Columbia,"11,035",93,88,99,111,97.75,64,-99,-35,36,39,75,50,43,93,49,57,106,59.75,5414.589941,5,8858.178523,3,42.9,3,40997,10.4,3,4.3,1,30.7,4,35,4,44.3
Nanaimo (Regional district),British Columbia,"155,698","1,756","1,869","1,875","1,813","1,828.25","1,757","1,190","2,947","1,304","1,768","3,072",995,"1,929","2,924","1,041","1,403","2,444","2,846.75",18283.79298,5,11742.28314,4,55.4,4,41934,7.7,2,7.2,2,7,2,14.2,3,51.1
North Okanagan (Regional district),British Columbia,"84,354",871,935,988,"1,002",949,934,387,"1,321",765,565,"1,330",515,676,"1,191",343,897,"1,240","1,270.50",15061.52642,5,11250.20746,4,50.4,4,41715,7.9,2,4.2,1,7.7,2,11.9,3,49.5
Northern Rockies (Regional district),British Columbia,"5,393",24,31,32,26,28.25,-113,-136,-249,-77,-213,-290,-107,-157,-264,-42,-76,-118,-230.25,-42694.23327,1,5238.271834,2,42.2,3,56643,15.1,4,6.6,2,28,4,34.6,4,35.6
Okanagan-Similkameen (Regional district),British Columbia,"83,022","1,248","1,310","1,271","1,259","1,272.00",931,649,"1,580",765,870,"1,635",441,820,"1,261",345,774,"1,119","1,398.75",16847.94392,5,15321.24015,5,51,4,40597,8.4,2,6.8,2,7.6,2,14.4,3,54.8
Peace River (Regional district),British Columbia,"62,942",412,411,448,415,421.5,-296,-976,"-1,272",-171,-733,-904,-112,-390,-502,-228,-307,-535,-803.25,-12761.74891,1,6696.641352,2,44.6,3,56821,12.1,3,6.5,2,15.3,3,21.8,4,34.1
Powell River (Regional district),British Columbia,"20,070",228,265,267,268,257,147,83,230,90,161,251,64,135,199,104,114,218,224.5,11185.84953,5,12805.18186,5,51.3,4,38073,7.8,2,3,1,8,2,11,3,53.5
Skeena-Queen Charlotte (Regional district),British Columbia,"18,133",161,163,146,150,155,94,-132,-38,53,-101,-48,67,-18,49,63,-104,-41,-19.5,-1075.387415,2,8547.951249,3,41.4,3,41963,12.3,3,9.2,2,44.9,5,54.1,5,41.4
Squamish-Lillooet (Regional district),British Columbia,"42,665",198,198,168,175,184.75,420,274,694,368,-124,244,296,-430,-134,246,-306,-60,186,4359.545295,4,4330.247275,1,60.5,5,48006,6.1,2,10.7,3,12.2,3,22.9,4,37.5
Stikine (Region),British Columbia,740,4,5,4,4,4.25,-19,-9,-28,-12,-23,-35,13,-11,2,-3,-15,-18,-19.75,-26689.18919,1,5743.243243,2,48.8,3,37284,23.5,5,1.4,1,49.3,5,50.7,5,46.1
Strathcona (Regional district),British Columbia,"44,671",394,443,480,471,447,426,334,760,383,457,840,315,641,956,203,427,630,796.5,17830.35974,5,10006.49191,4,49.9,3,42050,9.9,2,4.2,1,13.4,3,17.6,3,48.2
Sunshine Coast (Regional district),British Columbia,"29,970",341,336,348,361,346.5,233,167,400,123,213,336,88,305,393,47,175,222,337.75,11269.60294,5,11561.56156,4,56.9,4,43004,6.8,2,6.9,2,6.9,2,13.8,3,54.9
Thompson-Nicola (Regional district),British Columbia,"132,663","1,230","1,383","1,325","1,414","1,338.00",751,755,"1,506",540,990,"1,530",249,"1,237","1,486",143,"1,090","1,233","1,438.75",10845.14899,5,10085.70589,4,50.9,4,44459,8.4,2,6.5,2,13.6,3,20.1,4,45.2
Yuhon (Territory),Yukon,"35,874",213,222,231,239,226.25,276,0,276,577,0,577,234,0,234,342,0,342,357.25,9958.465741,5,6306.796008,2,60,5,53809,9.2,2,8.5,2,23.3,4,31.8,4,39.5
Region 1 (Region),Northwest Territories,"6,372",41,57,46,41,46.25,-81,-33,-114,-69,-31,-100,-63,-25,-88,-80,-45,-125,-106.75,-16752.9818,1,7258.31764,2,40.4,3,52038,15.6,4,3.9,1,79.5,5,83.4,5,31.8
Region 2 (Region),Northwest Territories,"2,433",16,13,16,14,14.75,7,-37,-30,-31,-31,-62,-39,-11,-50,-29,5,-24,-41.5,-17057.13111,1,6062.474312,2,41,3,61111,16,4,2.7,1,75.5,5,78.2,5,31.7
Region 3 (Region),Northwest Territories,"2,751",15,24,15,16,17.5,13,-69,-56,-1,-32,-33,-14,-53,-67,-17,-137,-154,-77.5,-28171.57397,1,6361.323155,2,19.3,1,41173,20.9,5,1.3,1,94.7,5,96,5,27
Region 4 (Region),Northwest Territories,"3,160",28,18,17,24,21.75,-4,27,23,16,-47,-31,-14,-35,-49,-40,23,-17,-18.5,-5854.43038,1,6882.911392,2,41.2,3,44844,23.8,5,1.4,1,86.4,5,87.8,5,37.1
Region 5 (Region),Northwest Territories,"6,980",64,48,63,44,54.75,-108,-10,-118,-108,22,-86,-99,-62,-161,-112,-30,-142,-126.75,-18159.02579,1,7843.839542,3,52.5,4,61548,10.9,3,4.9,1,59,5,63.9,5,36.7
Region 6 (Region),Northwest Territories,"20,090",69,81,80,103,83.25,-77,122,45,-182,119,-63,-200,186,-14,-191,184,-7,-9.75,-485.3160777,3,4143.852663,1,60.7,5,75570,6.3,2,16.3,3,24.1,4,40.4,5,34.6
Baffin (Region),Nunavut,"18,988",110,89,98,115,103,-134,-11,-145,-94,8,-86,-72,35,-37,-138,1,-137,-101.25,-5332.315146,1,5424.478618,2,37.7,2,55283,17.3,4,3.6,1,80.5,5,84.1,5,26.3
Keewatin (Region),Nunavut,"10,413",54,37,53,55,49.75,-50,21,-29,-36,6,-30,-9,-30,-39,-89,9,-80,-44.5,-4273.504274,2,4777.681744,1,28.5,1,47254,25.7,5,1.6,1,91.8,5,93.4,5,23.4
Kitikmeot (Region),Nunavut,"6,543",22,45,25,34,31.5,-16,-10,-26,-5,-14,-19,-67,-5,-72,-14,-10,-24,-35.25,-5387.436956,1,4814.305365,1,32.5,2,42213,27.8,5,1.2,1,91.9,5,93.1,5,24.6
